Company,Sector,Year,Ingresos_netos_ventas,Activos_financieros_corto_plazo,Efectivo_Equivalentes,Gastos_de_venta_y_distribución,Costo_mercancia_vendida,Soluciones_de_Pago,Soluciones_de_Nómina
"Abastecedora De Fierro Y Acero S.A. DE C.V., EMIS",Materiales e Industria,2019,2688088.0,0.0,0.0,0.0,0.0,0.0,0.0
"Abastecedora De Fierro Y Acero S.A. DE C.V., EMIS",Materiales e Industria,2020,2429455.0,0.0,0.0,0.0,0.0,0.0,0.0
"Abastecedora De Fierro Y Acero S.A. DE C.V., EMIS",Materiales e Industria,2021,2908381.0,0.0,0.0,0.0,0.0,0.0,0.0
"Abastecedora De Fierro Y Acero S.A. DE C.V., EMIS",Materiales e Industria,2022,3573068.0,0.0,76033.0,0.0,-3136785.0,-31367.850000000002,0.0
"Abastecedora De Fierro Y Acero S.A. DE C.V., EMIS",Materiales e Industria,2023,2609506.21,0.0,38349.94,-312001.57,-2215714.78,-22157.1478,-3120.0157
"Abastecedora De Materiales Del Centro 2000 S.A. DE C.V., EMIS",Construcción e Infraestructura,2019,0.0,0.0,0.0,0.0,0.0,0.0,0.0
"Abastecedora De Materiales Del Centro 2000 S.A. DE C.V., EMIS",Construcción e Infraestructura,2020,1878985.0,0.0,76297.0,0.0,-1618580.0,-16185.800000000001,0.0
"Abastecedora De Materiales Del Centro 2000 S.A. DE C.V., EMIS",Construcción e Infraestructura,2021,3060888.0,0.0,261404.0,0.0,-2589377.0,-25893.77,0.0
"Abastecedora De Materiales Del Centro 2000 S.A. DE C.V., EMIS",Construcción e Infraestructura,2022,3114109.0,0.0,123007.0,0.0,-2601645.0,-26016.45,0.0
"Abastecedora De Materiales Del Centro 2000 S.A. DE C.V., EMIS",Construcción e Infraestructura,2023,0.0,0.0,0.0,0.0,0.0,0.0,0.0
"Ac Bebidas, S. De R.L. De C.V., EMIS",Alimentos y Bebidas,2019,153687879.0,96722.0,20427763.0,-42014194.0,-84749943.0,-847499.43,-420141.94
"Ac Bebidas, S. De R.L. De C.V., EMIS",Alimentos y Bebidas,2020,160214293.0,871339.0,26302042.0,-43858836.0,-87408721.0,-874087.21,-438588.36
"Ac Bebidas, S. De R.L. De C.V., EMIS",Alimentos y Bebidas,2021,173708779.0,317594.0,29494276.0,-47829907.0,-94221246.0,-942212.46,-478299.07
"Ac Bebidas, S. De R.L. De C.V., EMIS",Alimentos y Bebidas,2022,197902457.0,0.0,25929269.0,-66115299.0,-98239785.0,-982397.85,-661152.99
"Ac Bebidas, S. De R.L. De C.V., EMIS",Alimentos y Bebidas,2023,203486936.0,0.0,20383221.0,-69339101.0,-99486855.0,-994868.55,-693391.01
"Acp Combustibles S.A. DE C.V., EMIS",Energía y Combustibles,2019,1388776.27,0.0,27576.68,-8221.27,-1344976.41,-13449.7641,-82.21270000000001
"Acp Combustibles S.A. DE C.V., EMIS",Energía y Combustibles,2020,1407857.75,0.0,51382.81,-11213.25,-1301371.47,-13013.7147,-112.13250000000001
"Acp Combustibles S.A. DE C.V., EMIS",Energía y Combustibles,2021,5535945.36,0.0,6803.78,-15647.85,-5404700.99,-54047.009900000005,-156.4785
"Acp Combustibles S.A. DE C.V., EMIS",Energía y Combustibles,2022,4491834.52,0.0,16526.22,-15560.25,-4398105.6,-43981.056,-155.6025
"Acp Combustibles S.A. DE C.V., EMIS",Energía y Combustibles,2023,7006713.6,0.0,6530.88,-26637.45,-6845511.88,-68455.1188,-266.3745
"Acuity Brands Lighting De México S. DE R.L. DE C.V., EMIS",Materiales e Industria,2019,0.0,0.0,0.0,0.0,0.0,0.0,0.0
"Acuity Brands Lighting De México S. DE R.L. DE C.V., EMIS",Materiales e Industria,2020,3998749.01,0.0,0.0,0.0,0.0,0.0,0.0
"Acuity Brands Lighting De México S. DE R.L. DE C.V., EMIS",Materiales e Industria,2021,3919750.72,0.0,0.0,0.0,0.0,0.0,0.0
"Acuity Brands Lighting De México S. DE R.L. DE C.V., EMIS",Materiales e Industria,2022,0.0,0.0,0.0,0.0,0.0,0.0,0.0
"Acuity Brands Lighting De México S. DE R.L. DE C.V., EMIS",Materiales e Industria,2023,0.0,0.0,0.0,0.0,0.0,0.0,0.0
"Administradora Del Colorado S. DE R.L. DE C.V., EMIS",Energía y Combustibles,2019,291409.95,0.0,4812.18,0.0,-255174.01,-2551.7401,0.0
"Administradora Del Colorado S. DE R.L. DE C.V., EMIS",Energía y Combustibles,2020,346054.93,0.0,4419.22,0.0,-289431.72,-2894.3172,0.0
"Administradora Del Colorado S. DE R.L. DE C.V., EMIS",Energía y Combustibles,2021,0.0,0.0,0.0,0.0,0.0,0.0,0.0
"Administradora Del Colorado S. DE R.L. DE C.V., EMIS",Energía y Combustibles,2022,0.0,0.0,0.0,0.0,0.0,0.0,0.0
"Administradora Del Colorado S. DE R.L. DE C.V., EMIS",Energía y Combustibles,2023,0.0,0.0,0.0,0.0,0.0,0.0,0.0
"Agrana Fruit México S.A. DE C.V., EMIS",Alimentos y Bebidas,2019,1944648.4,0.0,0.0,0.0,0.0,0.0,0.0
"Agrana Fruit México S.A. DE C.V., EMIS",Alimentos y Bebidas,2020,2032678.75,0.0,131109.22,0.0,-1732958.02,-17329.5802,0.0
"Agrana Fruit México S.A. DE C.V., EMIS",Alimentos y Bebidas,2021,2509388.83,0.0,41561.92,0.0,-2030999.13,-20309.991299999998,0.0
"Agrana Fruit México S.A. DE C.V., EMIS",Alimentos y Bebidas,2022,2915817.66,0.0,109153.62,0.0,-2287417.11,-22874.1711,0.0
"Agrana Fruit México S.A. DE C.V., EMIS",Alimentos y Bebidas,2023,3010129.66,0.0,115761.21,0.0,-2418230.21,-24182.3021,0.0
"Alfa, S.A.B. DE C.V., EMIS",Energía y Combustibles,2019,337750000.0,347000.0,25195000.0,-90300000.0,-210597000.0,-2105970.0,-903000.0
"Alfa, S.A.B. DE C.V., EMIS",Energía y Combustibles,2020,327163000.0,297000.0,32144000.0,-87913000.0,-191185000.0,-1911850.0,-879130.0
"Alfa, S.A.B. DE C.V., EMIS",Energía y Combustibles,2021,308060000.0,13000.0,30979000.0,-76044000.0,-180940000.0,-1809400.0,-760440.0
"Alfa, S.A.B. DE C.V., EMIS",Energía y Combustibles,2022,374198000.0,199000.0,21813000.0,-88369000.0,-241965000.0,-2419650.0,-883690.0
"Alfa, S.A.B. DE C.V., EMIS",Energía y Combustibles,2023,295617000.0,15000.0,19745000.0,-81788000.0,-189143000.0,-1891430.0,-817880.0
"Almacenes Distribuidores De La Frontera S.A. DE C.V., EMIS",Alimentos y Bebidas,2019,5190948.1,0.0,134408.18,0.0,-4101507.1,-41015.071,0.0
"Almacenes Distribuidores De La Frontera S.A. DE C.V., EMIS",Alimentos y Bebidas,2020,6653054.61,0.0,168986.47,0.0,-5374805.57,-53748.055700000004,0.0
"Almacenes Distribuidores De La Frontera S.A. DE C.V., EMIS",Alimentos y Bebidas,2021,7164290.24,0.0,387108.6,0.0,-5603740.4,-56037.404,0.0
"Almacenes Distribuidores De La Frontera S.A. DE C.V., EMIS",Alimentos y Bebidas,2022,9878713.18,0.0,1163302.9,0.0,-7699407.12,-76994.0712,0.0
"Almacenes Distribuidores De La Frontera S.A. DE C.V., EMIS",Alimentos y Bebidas,2023,10911102.15,0.0,1307141.1,0.0,-8570369.35,-85703.6935,0.0
"Alsea, S.A.B. DE C.V., EMIS",Alimentos y Bebidas,2019,58154617.0,704250.0,1921139.0,-28373040.0,-16896884.0,-168968.84,-283730.4
"Alsea, S.A.B. DE C.V., EMIS",Alimentos y Bebidas,2020,38495420.0,0.0,3932409.0,-20122855.0,-11454884.0,-114548.84,-201228.55000000002
"Alsea, S.A.B. DE C.V., EMIS",Alimentos y Bebidas,2021,53379469.0,0.0,6893433.0,-24315140.0,-16753061.0,-167530.61000000002,-243151.4
"Alsea, S.A.B. DE C.V., EMIS",Alimentos y Bebidas,2022,68831305.0,0.0,6086817.0,-32249225.0,-22629959.0,-226299.59,-322492.25
"Alsea, S.A.B. DE C.V., EMIS",Alimentos y Bebidas,2023,76231048.0,0.0,6409798.0,-35013832.0,-25398407.0,-253984.07,-350138.32
"Angar Azcapotzalco S.A. De C.V., EMIS",Automotriz y Transporte,2019,0.0,0.0,0.0,0.0,0.0,0.0,0.0
"Angar Azcapotzalco S.A. De C.V., EMIS",Automotriz y Transporte,2020,0.0,0.0,0.0,0.0,0.0,0.0,0.0
"Angar Azcapotzalco S.A. De C.V., EMIS",Automotriz y Transporte,2021,0.0,0.0,0.0,0.0,0.0,0.0,0.0
"Angar Azcapotzalco S.A. De C.V., EMIS",Automotriz y Transporte,2022,0.0,0.0,0.0,0.0,0.0,0.0,0.0
"Angar Azcapotzalco S.A. De C.V., EMIS",Automotriz y Transporte,2023,0.0,0.0,0.0,0.0,0.0,0.0,0.0
"Arca Continental, S.A.B. DE C.V., EMIS",Alimentos y Bebidas,2019,165040868.0,0.0,22051280.0,-56040404.0,-79791283.0,-797912.8300000001,-560404.04
"Arca Continental, S.A.B. DE C.V., EMIS",Alimentos y Bebidas,2020,171585847.0,0.0,27335702.0,-57991834.0,-82434501.0,-824345.01,-579918.34
"Arca Continental, S.A.B. DE C.V., EMIS",Alimentos y Bebidas,2021,185746369.0,0.0,32116974.0,-61015692.0,-89579809.0,-895798.09,-610156.92
"Arca Continental, S.A.B. DE C.V., EMIS",Alimentos y Bebidas,2022,209961246.0,0.0,27761308.0,-68569460.0,-103178562.0,-1031785.62,-685694.6
"Arca Continental, S.A.B. DE C.V., EMIS",Alimentos y Bebidas,2023,215772223.0,0.0,22127959.0,-71354228.0,-103302739.0,-1033027.39,-713542.28
"Arrendamientos Sar Mw De Mexico, S.A.P.I. De C.V., EMIS",Materiales e Industria,2019,0.0,0.0,0.0,0.0,0.0,0.0,0.0
"Arrendamientos Sar Mw De Mexico, S.A.P.I. De C.V., EMIS",Materiales e Industria,2020,0.0,0.0,0.0,0.0,0.0,0.0,0.0
"Arrendamientos Sar Mw De Mexico, S.A.P.I. De C.V., EMIS",Materiales e Industria,2021,0.0,0.0,0.0,0.0,0.0,0.0,0.0
"Arrendamientos Sar Mw De Mexico, S.A.P.I. De C.V., EMIS",Materiales e Industria,2022,0.0,0.0,0.0,0.0,0.0,0.0,0.0
"Arrendamientos Sar Mw De Mexico, S.A.P.I. De C.V., EMIS",Materiales e Industria,2023,0.0,0.0,0.0,0.0,0.0,0.0,0.0
"Autouno Motors S.A. De C.V., EMIS",Automotriz y Transporte,2019,0.0,0.0,0.0,0.0,0.0,0.0,0.0
"Autouno Motors S.A. De C.V., EMIS",Automotriz y Transporte,2020,0.0,0.0,0.0,0.0,0.0,0.0,0.0
"Autouno Motors S.A. De C.V., EMIS",Automotriz y Transporte,2021,0.0,0.0,0.0,0.0,0.0,0.0,0.0
"Autouno Motors S.A. De C.V., EMIS",Automotriz y Transporte,2022,0.0,0.0,0.0,0.0,0.0,0.0,0.0
"Autouno Motors S.A. De C.V., EMIS",Automotriz y Transporte,2023,0.0,0.0,0.0,0.0,0.0,0.0,0.0
"Becle S.A.B. de C.V., EMIS",Alimentos y Bebidas,2019,29704781.0,0.0,9628169.0,-11007450.0,-12691835.0,-126918.35,-110074.5
"Becle S.A.B. de C.V., EMIS",Alimentos y Bebidas,2020,35036139.0,0.0,7646318.0,-12175813.0,-12274023.0,-122740.23,-121758.13
"Becle S.A.B. de C.V., EMIS",Alimentos y Bebidas,2021,39419400.0,0.0,12791283.0,-15075650.0,-16607684.0,-166076.84,-150756.5
"Becle S.A.B. de C.V., EMIS",Alimentos y Bebidas,2022,45729492.0,0.0,4520839.0,-16770194.0,-19061560.0,-190615.6,-167701.94
"Becle S.A.B. de C.V., EMIS",Alimentos y Bebidas,2023,44354594.0,0.0,6366670.0,-17986450.0,-18951867.0,-189518.67,-179864.5
"Bepensa Bebidas S.A. De C.V., EMIS",Alimentos y Bebidas,2019,15343734.0,0.0,669570.0,-4574799.0,-7717273.0,-77172.73,-45747.99
"Bepensa Bebidas S.A. De C.V., EMIS",Alimentos y Bebidas,2020,17939503.0,0.0,302215.0,-6519884.0,-8693107.0,-86931.07,-65198.840000000004
"Bepensa Bebidas S.A. De C.V., EMIS",Alimentos y Bebidas,2021,19534805.0,0.0,404955.0,-7079441.0,-9496589.0,-94965.89,-70794.41
"Bepensa Bebidas S.A. De C.V., EMIS",Alimentos y Bebidas,2022,0.0,0.0,0.0,0.0,0.0,0.0,0.0
"Bepensa Bebidas S.A. De C.V., EMIS",Alimentos y Bebidas,2023,0.0,0.0,0.0,0.0,0.0,0.0,0.0
"Bodega De Granos El Alazán Y El Rocio S.A. DE C.V., EMIS",Alimentos y Bebidas,2019,0.0,0.0,0.0,0.0,0.0,0.0,0.0
"Bodega De Granos El Alazán Y El Rocio S.A. DE C.V., EMIS",Alimentos y Bebidas,2020,1555541.12,0.0,98788.51,0.0,-1305088.19,-13050.8819,0.0
"Bodega De Granos El Alazán Y El Rocio S.A. DE C.V., EMIS",Alimentos y Bebidas,2021,1823850.51,0.0,19055.94,0.0,-1522051.73,-15220.5173,0.0
"Bodega De Granos El Alazán Y El Rocio S.A. DE C.V., EMIS",Alimentos y Bebidas,2022,2197237.25,0.0,58119.23,0.0,-1936880.03,-19368.8003,0.0
"Bodega De Granos El Alazán Y El Rocio S.A. DE C.V., EMIS",Alimentos y Bebidas,2023,3093722.54,0.0,15681.6,0.0,-2628031.85,-26280.3185,0.0
"Brown-Forman Tequila Mexico, S. De R.L. De C.V., EMIS",Alimentos y Bebidas,2019,0.0,0.0,0.0,0.0,0.0,0.0,0.0
"Brown-Forman Tequila Mexico, S. De R.L. De C.V., EMIS",Alimentos y Bebidas,2020,0.0,0.0,0.0,0.0,0.0,0.0,0.0
"Brown-Forman Tequila Mexico, S. De R.L. De C.V., EMIS",Alimentos y Bebidas,2021,0.0,0.0,0.0,0.0,0.0,0.0,0.0
"Brown-Forman Tequila Mexico, S. De R.L. De C.V., EMIS",Alimentos y Bebidas,2022,0.0,0.0,0.0,0.0,0.0,0.0,0.0
"Brown-Forman Tequila Mexico, S. De R.L. De C.V., EMIS",Alimentos y Bebidas,2023,0.0,0.0,0.0,0.0,0.0,0.0,0.0
"Cartón Capital S.A. DE C.V., EMIS",Materiales e Industria,2019,2279601.66,0.0,15845.13,0.0,-1181973.46,-11819.7346,0.0
"Cartón Capital S.A. DE C.V., EMIS",Materiales e Industria,2020,2231348.51,0.0,28413.68,0.0,-1132855.64,-11328.5564,0.0
"Cartón Capital S.A. DE C.V., EMIS",Materiales e Industria,2021,0.0,0.0,0.0,0.0,0.0,0.0,0.0
"Cartón Capital S.A. DE C.V., EMIS",Materiales e Industria,2022,0.0,0.0,0.0,0.0,0.0,0.0,0.0
"Cartón Capital S.A. DE C.V., EMIS",Materiales e Industria,2023,0.0,0.0,0.0,0.0,0.0,0.0,0.0
"Casa Ley S.A.P.I. DE C.V., EMIS",Alimentos y Bebidas,2019,0.0,0.0,0.0,0.0,0.0,0.0,0.0
"Casa Ley S.A.P.I. DE C.V., EMIS",Alimentos y Bebidas,2020,46778533.0,0.0,1536842.0,0.0,-36129279.0,-361292.79,0.0
"Casa Ley S.A.P.I. DE C.V., EMIS",Alimentos y Bebidas,2021,0.0,0.0,0.0,0.0,0.0,0.0,0.0
"Casa Ley S.A.P.I. DE C.V., EMIS",Alimentos y Bebidas,2022,0.0,0.0,0.0,0.0,0.0,0.0,0.0
"Casa Ley S.A.P.I. DE C.V., EMIS",Alimentos y Bebidas,2023,0.0,0.0,0.0,0.0,0.0,0.0,0.0
"Centro Celular S.A. DE C.V., EMIS",Tecnología y Servicios,2019,0.0,0.0,0.0,0.0,0.0,0.0,0.0
"Centro Celular S.A. DE C.V., EMIS",Tecnología y Servicios,2020,0.0,0.0,0.0,0.0,0.0,0.0,0.0
"Centro Celular S.A. DE C.V., EMIS",Tecnología y Servicios,2021,5309724.49,0.0,705.34,0.0,-5034305.57,-50343.055700000004,0.0
"Centro Celular S.A. DE C.V., EMIS",Tecnología y Servicios,2022,4902881.58,0.0,2766.17,0.0,-4617496.06,-46174.9606,0.0
"Centro Celular S.A. DE C.V., EMIS",Tecnología y Servicios,2023,0.0,0.0,0.0,0.0,0.0,0.0,0.0
"Cereales Y Pastas S.A. DE C.V., EMIS",Alimentos y Bebidas,2019,1936724.26,0.0,22691.33,-304292.98,-1517293.88,-15172.9388,-3042.9298
"Cereales Y Pastas S.A. DE C.V., EMIS",Alimentos y Bebidas,2020,2062426.57,0.0,42148.51,-229155.69,-1644534.77,-16445.347700000002,-2291.5569
"Cereales Y Pastas S.A. DE C.V., EMIS",Alimentos y Bebidas,2021,0.0,0.0,0.0,0.0,0.0,0.0,0.0
"Cereales Y Pastas S.A. DE C.V., EMIS",Alimentos y Bebidas,2022,0.0,0.0,0.0,0.0,0.0,0.0,0.0
"Cereales Y Pastas S.A. DE C.V., EMIS",Alimentos y Bebidas,2023,0.0,0.0,0.0,0.0,0.0,0.0,0.0
"Chilchota Alimentos S.A. DE C.V., EMIS",Alimentos y Bebidas,2019,4808325.37,0.0,30140.44,-249113.05,-4145183.0,-41451.83,-2491.1304999999998
"Chilchota Alimentos S.A. DE C.V., EMIS",Alimentos y Bebidas,2020,5413723.22,0.0,7903.76,-277239.18,-4657446.99,-46574.469900000004,-2772.3918
"Chilchota Alimentos S.A. DE C.V., EMIS",Alimentos y Bebidas,2021,6423547.76,0.0,-50468.76,0.0,-5940416.69,-59404.166900000004,0.0
"Chilchota Alimentos S.A. DE C.V., EMIS",Alimentos y Bebidas,2022,6964809.54,0.0,-8454.3,-265764.65,-6180517.91,-61805.1791,-2657.6465000000003
"Chilchota Alimentos S.A. DE C.V., EMIS",Alimentos y Bebidas,2023,0.0,0.0,0.0,0.0,0.0,0.0,0.0
"Cmr, S.A.B. DE C.V., EMIS",Tecnología y Servicios,2019,2912752.0,21140.0,188453.0,-1566967.0,-881753.0,-8817.53,-15669.67
"Cmr, S.A.B. DE C.V., EMIS",Tecnología y Servicios,2020,1998102.0,49013.0,381646.0,-1290005.0,-779728.0,-7797.28,-12900.050000000001
"Cmr, S.A.B. DE C.V., EMIS",Tecnología y Servicios,2021,2658498.0,51643.0,212393.0,-1262228.0,-1000040.0,-10000.4,-12622.28
"Cmr, S.A.B. DE C.V., EMIS",Tecnología y Servicios,2022,3346665.0,0.0,181633.0,-1491733.0,-1304754.0,-13047.54,-14917.33
"Cmr, S.A.B. DE C.V., EMIS",Tecnología y Servicios,2023,3533380.0,0.0,91812.0,-1606011.0,-1488717.0,-14887.17,-16060.11
"Coca-cola Femsa, S.A.B. DE C.V., EMIS",Embotelladora,2019,194471000.0,89000.0,20491000.0,-64917000.0,-57107000.0,-571070.0,-649170.0
"Coca-cola Femsa, S.A.B. DE C.V., EMIS",Embotelladora,2020,183615000.0,74000.0,43497000.0,-59048000.0,-90773000.0,-907730.0,-590480.0
"Coca-cola Femsa, S.A.B. DE C.V., EMIS",Embotelladora,2021,194804000.0,239000.0,47248000.0,-62565000.0,-96372000.0,-963720.0,-625650.0
"Coca-cola Femsa, S.A.B. DE C.V., EMIS",Embotelladora,2022,226740000.0,243000.0,40277000.0,-71186000.0,-116015000.0,-1160150.0,-711860.0
"Coca-cola Femsa, S.A.B. DE C.V., EMIS",Embotelladora,2023,245088000.0,304000.0,31060000.0,-79080000.0,-123697000.0,-1236970.0,-790800.0
"Comercializadora Círculo Cck S.A. De C.V., EMIS",Comercio y Retail,2019,0.0,0.0,0.0,0.0,0.0,0.0,0.0
"Comercializadora Círculo Cck S.A. De C.V., EMIS",Comercio y Retail,2020,0.0,0.0,0.0,0.0,0.0,0.0,0.0
"Comercializadora Círculo Cck S.A. De C.V., EMIS",Comercio y Retail,2021,0.0,0.0,0.0,0.0,0.0,0.0,0.0
"Comercializadora Círculo Cck S.A. De C.V., EMIS",Comercio y Retail,2022,0.0,0.0,0.0,0.0,0.0,0.0,0.0
"Comercializadora Círculo Cck S.A. De C.V., EMIS",Comercio y Retail,2023,0.0,0.0,0.0,0.0,0.0,0.0,0.0
"Compañía Comercial Cimaco S.A. DE C.V., EMIS",Comercio y Retail,2019,2415038.35,0.0,1040.75,-58655.25,-1519141.5,-15191.415,-586.5525
"Compañía Comercial Cimaco S.A. DE C.V., EMIS",Comercio y Retail,2020,2194505.01,0.0,6396.45,0.0,-1392566.81,-13925.6681,0.0
"Compañía Comercial Cimaco S.A. DE C.V., EMIS",Comercio y Retail,2021,2612311.19,0.0,9507.1,-56163.77,-1624217.34,-16242.173400000001,-561.6377
"Compañía Comercial Cimaco S.A. DE C.V., EMIS",Comercio y Retail,2022,2913921.91,0.0,31130.74,0.0,-1777478.66,-17774.7866,0.0
"Compañía Comercial Cimaco S.A. DE C.V., EMIS",Comercio y Retail,2023,3103323.93,0.0,39245.92,-60164.29,-1906666.29,-19066.6629,-601.6429
"Conservas La Costeña S.A. DE C.V., EMIS",Alimentos y Bebidas,2019,13567348.0,0.0,0.0,0.0,0.0,0.0,0.0
"Conservas La Costeña S.A. DE C.V., EMIS",Alimentos y Bebidas,2020,14068311.0,0.0,0.0,0.0,0.0,0.0,0.0
"Conservas La Costeña S.A. DE C.V., EMIS",Alimentos y Bebidas,2021,22200000.0,0.0,2000000.0,0.0,-14400000.0,-144000.0,0.0
"Conservas La Costeña S.A. DE C.V., EMIS",Alimentos y Bebidas,2022,0.0,0.0,0.0,0.0,0.0,0.0,0.0
"Conservas La Costeña S.A. DE C.V., EMIS",Alimentos y Bebidas,2023,0.0,0.0,0.0,0.0,0.0,0.0,0.0
"Consorcio Aristos, S.A.B. DE C.V., EMIS",Construcción e Infraestructura,2019,1841765.0,0.0,163484.0,-178908.0,-1432389.0,-14323.89,-1789.08
"Consorcio Aristos, S.A.B. DE C.V., EMIS",Construcción e Infraestructura,2020,2070094.0,0.0,614622.0,-180868.0,-1698678.0,-16986.78,-1808.68
"Consorcio Aristos, S.A.B. DE C.V., EMIS",Construcción e Infraestructura,2021,1490741.0,0.0,535273.0,-221651.0,-1094258.0,-10942.58,-2216.51
"Consorcio Aristos, S.A.B. DE C.V., EMIS",Construcción e Infraestructura,2022,2039276.0,0.0,563106.0,-214898.0,-1603693.0,-16036.93,-2148.98
"Consorcio Aristos, S.A.B. DE C.V., EMIS",Construcción e Infraestructura,2023,4055483.0,0.0,1098146.0,-351266.0,-3317777.0,-33177.770000000004,-3512.66
"Controladora Mabe S.A. DE C.V., EMIS",Comercio y Retail,2019,17177591.88,0.0,4659457.4,0.0,-13518687.78,-135186.8778,0.0
"Controladora Mabe S.A. DE C.V., EMIS",Comercio y Retail,2020,22787466.6,0.0,756530.6,0.0,-17585044.98,-175850.4498,0.0
"Controladora Mabe S.A. DE C.V., EMIS",Comercio y Retail,2021,22979755.26,0.0,5710348.8,0.0,-18355409.1,-183554.09100000001,0.0
"Controladora Mabe S.A. DE C.V., EMIS",Comercio y Retail,2022,4440000.0,0.0,178000.0,0.0,-3657000.0,-36570.0,0.0
"Controladora Mabe S.A. DE C.V., EMIS",Comercio y Retail,2023,4691000.0,0.0,127000.0,0.0,-3738000.0,-37380.0,0.0
"Coragas S.A. De C.V., EMIS",Energía y Combustibles,2019,0.0,0.0,0.0,0.0,0.0,0.0,0.0
"Coragas S.A. De C.V., EMIS",Energía y Combustibles,2020,0.0,0.0,0.0,0.0,0.0,0.0,0.0
"Coragas S.A. De C.V., EMIS",Energía y Combustibles,2021,0.0,0.0,0.0,0.0,0.0,0.0,0.0
"Coragas S.A. De C.V., EMIS",Energía y Combustibles,2022,0.0,0.0,0.0,0.0,0.0,0.0,0.0
"Coragas S.A. De C.V., EMIS",Energía y Combustibles,2023,0.0,0.0,0.0,0.0,0.0,0.0,0.0
"Corporativo Fragua, S.A.B. DE C.V., EMIS",Comercio y Retail,2019,61884200.0,754086.0,1601325.0,-11348708.0,-48915642.0,-489156.42,-113487.08
"Corporativo Fragua, S.A.B. DE C.V., EMIS",Comercio y Retail,2020,73313615.0,111178.0,3401688.0,-12918673.0,-57516635.0,-575166.35,-129186.73
"Corporativo Fragua, S.A.B. DE C.V., EMIS",Comercio y Retail,2021,84794429.0,41660.0,4378375.0,-14771755.0,-66082635.0,-660826.35,-147717.55000000002
"Corporativo Fragua, S.A.B. DE C.V., EMIS",Comercio y Retail,2022,97917676.0,29612.0,7761349.0,-17168431.0,-76025506.0,-760255.06,-171684.31
"Corporativo Fragua, S.A.B. DE C.V., EMIS",Comercio y Retail,2023,109374181.0,34696.0,8280122.0,-19820634.0,-82451865.0,-824518.65,-198206.34
"Distribuidora De Víveres S.A. DE C.V., EMIS",Comercio y Retail,2019,2922669.28,0.0,201163.59,0.0,-2409769.19,-24097.6919,0.0
"Distribuidora De Víveres S.A. DE C.V., EMIS",Comercio y Retail,2020,3177779.75,0.0,332897.47,0.0,-2598087.36,-25980.8736,0.0
"Distribuidora De Víveres S.A. DE C.V., EMIS",Comercio y Retail,2021,0.0,0.0,0.0,0.0,0.0,0.0,0.0
"Distribuidora De Víveres S.A. DE C.V., EMIS",Comercio y Retail,2022,0.0,0.0,0.0,0.0,0.0,0.0,0.0
"Distribuidora De Víveres S.A. DE C.V., EMIS",Comercio y Retail,2023,0.0,0.0,0.0,0.0,0.0,0.0,0.0
"Distribuidora Tamex S.A.P.I. DE C.V., EMIS",Materiales e Industria,2019,0.0,0.0,0.0,0.0,0.0,0.0,0.0
"Distribuidora Tamex S.A.P.I. DE C.V., EMIS",Materiales e Industria,2020,0.0,0.0,0.0,0.0,0.0,0.0,0.0
"Distribuidora Tamex S.A.P.I. DE C.V., EMIS",Materiales e Industria,2021,0.0,0.0,0.0,0.0,0.0,0.0,0.0
"Distribuidora Tamex S.A.P.I. DE C.V., EMIS",Materiales e Industria,2022,286235.46,0.0,1834.12,-21593.24,-254184.65,-2541.8465,-215.93240000000003
"Distribuidora Tamex S.A.P.I. DE C.V., EMIS",Materiales e Industria,2023,348340.04,0.0,1501.08,0.0,-292099.38,-2920.9938,0.0
"El Puerto De Liverpool, S.A.B. DE C.V., EMIS",Tecnología y Servicios,2019,144233507.0,14917249.0,3717549.0,-36771195.0,-83585675.0,-835856.75,-367711.95
"El Puerto De Liverpool, S.A.B. DE C.V., EMIS",Tecnología y Servicios,2020,115472547.0,0.0,26195936.0,-37263278.0,-69202987.0,-692029.87,-372632.78
"El Puerto De Liverpool, S.A.B. DE C.V., EMIS",Tecnología y Servicios,2021,151021745.0,0.0,32494873.0,-33162727.0,-93950314.0,-939503.14,-331627.27
"El Puerto De Liverpool, S.A.B. DE C.V., EMIS",Tecnología y Servicios,2022,176033720.0,0.0,24516254.0,-37770284.0,-107576972.0,-1075769.72,-377702.84
"El Puerto De Liverpool, S.A.B. DE C.V., EMIS",Tecnología y Servicios,2023,195991623.0,0.0,29807166.0,-41239136.0,-116871459.0,-1168714.59,-412391.36
"Embotelladora Las Margaritas S.A.P.I. DE C.V., EMIS",Alimentos y Bebidas,2019,4619779.41,0.0,0.0,0.0,0.0,0.0,0.0
"Embotelladora Las Margaritas S.A.P.I. DE C.V., EMIS",Alimentos y Bebidas,2020,4934944.5,0.0,0.0,0.0,0.0,0.0,0.0
"Embotelladora Las Margaritas S.A.P.I. DE C.V., EMIS",Alimentos y Bebidas,2021,5633686.38,0.0,922177.64,0.0,-2968817.46,-29688.1746,0.0
"Embotelladora Las Margaritas S.A.P.I. DE C.V., EMIS",Alimentos y Bebidas,2022,6537091.43,0.0,1280948.15,0.0,-3391034.53,-33910.3453,0.0
"Embotelladora Las Margaritas S.A.P.I. DE C.V., EMIS",Alimentos y Bebidas,2023,0.0,0.0,0.0,0.0,0.0,0.0,0.0
"Farmacia Guadalajara S.A. De C.V., EMIS",Comercio y Retail,2019,0.0,0.0,0.0,0.0,0.0,0.0,0.0
"Farmacia Guadalajara S.A. De C.V., EMIS",Comercio y Retail,2020,0.0,0.0,0.0,0.0,0.0,0.0,0.0
"Farmacia Guadalajara S.A. De C.V., EMIS",Comercio y Retail,2021,0.0,0.0,0.0,0.0,0.0,0.0,0.0
"Farmacia Guadalajara S.A. De C.V., EMIS",Comercio y Retail,2022,0.0,0.0,0.0,0.0,0.0,0.0,0.0
"Farmacia Guadalajara S.A. De C.V., EMIS",Comercio y Retail,2023,0.0,0.0,0.0,0.0,0.0,0.0,0.0
"Farmacias Benavides, S.A.B. DE C.V., EMIS",Comercio y Retail,2019,13910636.0,270655.0,218485.0,-3617170.0,-9732424.0,-97324.24,-36171.700000000004
"Farmacias Benavides, S.A.B. DE C.V., EMIS",Comercio y Retail,2020,13868742.0,0.0,405483.0,-3978050.0,-8914932.0,-89149.32,-39780.5
"Farmacias Benavides, S.A.B. DE C.V., EMIS",Comercio y Retail,2021,14743060.0,0.0,495249.0,-3149010.0,-10306946.0,-103069.46,-31490.100000000002
"Farmacias Benavides, S.A.B. DE C.V., EMIS",Comercio y Retail,2022,16217630.0,0.0,635538.0,-3225515.0,-11292973.0,-112929.73,-32255.15
"Farmacias Benavides, S.A.B. DE C.V., EMIS",Comercio y Retail,2023,17226004.0,0.0,677394.0,-3464174.0,-11930474.0,-119304.74,-34641.74
"Ferrero De México S.A. De C.V., EMIS",Alimentos y Bebidas,2019,0.0,0.0,0.0,0.0,0.0,0.0,0.0
"Ferrero De México S.A. De C.V., EMIS",Alimentos y Bebidas,2020,0.0,0.0,0.0,0.0,0.0,0.0,0.0
"Ferrero De México S.A. De C.V., EMIS",Alimentos y Bebidas,2021,0.0,0.0,0.0,0.0,0.0,0.0,0.0
"Ferrero De México S.A. De C.V., EMIS",Alimentos y Bebidas,2022,0.0,0.0,0.0,0.0,0.0,0.0,0.0
"Ferrero De México S.A. De C.V., EMIS",Alimentos y Bebidas,2023,0.0,0.0,0.0,0.0,0.0,0.0,0.0
"Fomento Económico Mexicano, S.A.B. DE C.V., EMIS",Alimentos y Bebidas,2019,506711000.0,12458000.0,65562000.0,-145621000.0,-297951000.0,-2979510.0,-1456210.0
"Fomento Económico Mexicano, S.A.B. DE C.V., EMIS",Alimentos y Bebidas,2020,492966000.0,739000.0,107624000.0,-152382000.0,-275841000.0,-2758410.0,-1523820.0
"Fomento Económico Mexicano, S.A.B. DE C.V., EMIS",Alimentos y Bebidas,2021,556261000.0,25103000.0,97407000.0,-163019000.0,-314561000.0,-3145610.0,-1630190.0
"Fomento Económico Mexicano, S.A.B. DE C.V., EMIS",Alimentos y Bebidas,2022,673202000.0,1154000.0,83439000.0,-193455000.0,-390027000.0,-3900270.0,-1934550.0
"Fomento Económico Mexicano, S.A.B. DE C.V., EMIS",Alimentos y Bebidas,2023,783326000.0,27032000.0,165112000.0,-240405000.0,-451443000.0,-4514430.0,-2404050.0
"Frutería Welton S.A. DE C.V., EMIS",Alimentos y Bebidas,2019,2492886.15,0.0,49618.37,0.0,-2282908.78,-22829.087799999998,0.0
"Frutería Welton S.A. DE C.V., EMIS",Alimentos y Bebidas,2020,2565198.41,0.0,35894.09,0.0,-2369021.85,-23690.218500000003,0.0
"Frutería Welton S.A. DE C.V., EMIS",Alimentos y Bebidas,2021,2771513.77,0.0,-61683.29,0.0,-2457379.23,-24573.7923,0.0
"Frutería Welton S.A. DE C.V., EMIS",Alimentos y Bebidas,2022,2772667.85,0.0,58637.8,0.0,-2537131.65,-25371.3165,0.0
"Frutería Welton S.A. DE C.V., EMIS",Alimentos y Bebidas,2023,0.0,0.0,0.0,0.0,0.0,0.0,0.0
"Gméxico Transportes S.A.B. De C.V., EMIS",Automotriz y Transporte,2019,47633059.0,0.0,3836588.0,-4065107.0,-22616338.0,-226163.38,-40651.07
"Gméxico Transportes S.A.B. De C.V., EMIS",Automotriz y Transporte,2020,46105544.0,0.0,4177066.0,-2093994.0,-23056339.0,-230563.39,-20939.94
"Gméxico Transportes S.A.B. De C.V., EMIS",Automotriz y Transporte,2021,51172858.0,0.0,7729069.0,-1802418.0,-25769095.0,-257690.95,-18024.18
"Gméxico Transportes S.A.B. De C.V., EMIS",Automotriz y Transporte,2022,54572009.0,0.0,14106888.0,-1990424.0,-26965877.0,-269658.77,-19904.24
"Gméxico Transportes S.A.B. De C.V., EMIS",Automotriz y Transporte,2023,56428823.0,0.0,7743112.0,-2091435.0,-28293623.0,-282936.23,-20914.350000000002
"Gruma, S.A.B. DE C.V., EMIS",Alimentos y Bebidas,2019,4018595.35,4924.67,204122.15,-1011286.84,-2353615.31,-23536.1531,-10112.8684
"Gruma, S.A.B. DE C.V., EMIS",Alimentos y Bebidas,2020,4237826.02,0.0,310053.09,-1093096.26,-2445225.49,-24452.254900000004,-10930.9626
"Gruma, S.A.B. DE C.V., EMIS",Alimentos y Bebidas,2021,4646946.0,0.0,256416.56,-2147933.66,-1840849.03,-18408.4903,-21479.336600000002
"Gruma, S.A.B. DE C.V., EMIS",Alimentos y Bebidas,2022,5596621.0,0.0,283864.0,-1356742.0,-3420259.0,-34202.590000000004,-13567.42
"Gruma, S.A.B. DE C.V., EMIS",Alimentos y Bebidas,2023,6576230.0,0.0,350046.0,-1538134.0,-4027571.0,-40275.71,-15381.34
"Grupo Alcione S.A. De C.V., EMIS",Materiales e Industria,2019,0.0,0.0,0.0,0.0,0.0,0.0,0.0
"Grupo Alcione S.A. De C.V., EMIS",Materiales e Industria,2020,0.0,0.0,0.0,0.0,0.0,0.0,0.0
"Grupo Alcione S.A. De C.V., EMIS",Materiales e Industria,2021,0.0,0.0,0.0,0.0,0.0,0.0,0.0
"Grupo Alcione S.A. De C.V., EMIS",Materiales e Industria,2022,0.0,0.0,0.0,0.0,0.0,0.0,0.0
"Grupo Alcione S.A. De C.V., EMIS",Materiales e Industria,2023,0.0,0.0,0.0,0.0,0.0,0.0,0.0
"Grupo Axo, S.A.P.I. De C.V., EMIS",Comercio y Retail,2019,13186599.0,12392.0,1874608.0,-2468929.0,-6856170.0,-68561.7,-24689.29
"Grupo Axo, S.A.P.I. De C.V., EMIS",Comercio y Retail,2020,12867936.0,0.0,3715919.0,-2361987.0,-7320508.0,-73205.08,-23619.87
"Grupo Axo, S.A.P.I. De C.V., EMIS",Comercio y Retail,2021,16110676.0,4649.0,4551305.0,-2826231.0,-8657749.0,-86577.49,-28262.31
"Grupo Axo, S.A.P.I. De C.V., EMIS",Comercio y Retail,2022,19047566.0,0.0,4827687.0,-5516663.0,-9862765.0,-98627.65000000001,-55166.630000000005
"Grupo Axo, S.A.P.I. De C.V., EMIS",Comercio y Retail,2023,24708647.0,0.0,4353916.0,-7682528.0,-12213010.0,-122130.1,-76825.28
"Grupo Bimbo, S.A.B. DE C.V., EMIS",Alimentos y Bebidas,2019,291926000.0,0.0,6251000.0,-132419000.0,-124196000.0,-1241960.0,-1324190.0
"Grupo Bimbo, S.A.B. DE C.V., EMIS",Alimentos y Bebidas,2020,331051000.0,0.0,9268000.0,-153035000.0,-136149000.0,-1361490.0,-1530350.0
"Grupo Bimbo, S.A.B. DE C.V., EMIS",Alimentos y Bebidas,2021,348887000.0,0.0,8748000.0,-151186000.0,-147025000.0,-1470250.0,-1511860.0
"Grupo Bimbo, S.A.B. DE C.V., EMIS",Alimentos y Bebidas,2022,408821000.0,0.0,12313000.0,-170695000.0,-182079000.0,-1820790.0,-1706950.0
"Grupo Bimbo, S.A.B. DE C.V., EMIS",Alimentos y Bebidas,2023,399879000.0,0.0,6353000.0,-170078000.0,-176016000.0,-1760160.0,-1700780.0
"Grupo Comercial Chedraui, S.A.B. DE C.V., EMIS",Comercio y Retail,2019,129442594.0,0.0,984044.0,-18824803.0,-101491718.0,-1014917.18,-188248.03
"Grupo Comercial Chedraui, S.A.B. DE C.V., EMIS",Comercio y Retail,2020,146287327.0,0.0,5444663.0,-21591350.0,-113963624.0,-1139636.24,-215913.5
"Grupo Comercial Chedraui, S.A.B. DE C.V., EMIS",Comercio y Retail,2021,188486814.0,0.0,9101201.0,-27964117.0,-146373589.0,-1463735.8900000001,-279641.17
"Grupo Comercial Chedraui, S.A.B. DE C.V., EMIS",Comercio y Retail,2022,259325570.0,0.0,11565501.0,-37873066.0,-200308165.0,-2003081.6500000001,-378730.66000000003
"Grupo Comercial Chedraui, S.A.B. DE C.V., EMIS",Comercio y Retail,2023,263057724.0,0.0,13695971.0,-37947163.0,-202069179.0,-2020691.79,-379471.63
"Grupo Gigante, S.A.B. DE C.V., EMIS",Alimentos y Bebidas,2019,32445627.0,426608.0,1686783.0,-9908277.0,-18103607.0,-181036.07,-99082.77
"Grupo Gigante, S.A.B. DE C.V., EMIS",Alimentos y Bebidas,2020,26276233.0,0.0,2424653.0,-8853655.0,-15572225.0,-155722.25,-88536.55
"Grupo Gigante, S.A.B. DE C.V., EMIS",Alimentos y Bebidas,2021,28818562.0,0.0,3082559.0,-8395762.0,-16482951.0,-164829.51,-83957.62
"Grupo Gigante, S.A.B. DE C.V., EMIS",Alimentos y Bebidas,2022,32469672.0,0.0,2439223.0,-8890962.0,-19268814.0,-192688.14,-88909.62
"Grupo Gigante, S.A.B. DE C.V., EMIS",Alimentos y Bebidas,2023,34084821.0,0.0,2994915.0,-9514188.0,-19614786.0,-196147.86000000002,-95141.88
"Grupo Herdez, S.A.B. DE C.V., Emis",Alimentos y Bebidas,2019,22420369.0,0.0,2309507.0,-6300512.0,-12490539.0,-124905.39,-63005.12
"Grupo Herdez, S.A.B. DE C.V., Emis",Alimentos y Bebidas,2020,24036279.0,0.0,3680580.0,-6256680.0,-14093157.0,-140931.57,-62566.8
"Grupo Herdez, S.A.B. DE C.V., Emis",Alimentos y Bebidas,2021,26153222.0,0.0,2216096.0,-6739000.0,-15604612.0,-156046.12,-67390.0
"Grupo Herdez, S.A.B. DE C.V., Emis",Alimentos y Bebidas,2022,31645704.0,0.0,2405829.0,-7541889.0,-19412568.0,-194125.68,-75418.89
"Grupo Herdez, S.A.B. DE C.V., Emis",Alimentos y Bebidas,2023,36212816.0,0.0,1986175.0,-9175254.0,-21002174.0,-210021.74,-91752.54000000001
"Grupo Industrial Cuadritos Biotek S.A. DE C.V., EMIS",Alimentos y Bebidas,2019,1882166.81,0.0,0.0,0.0,0.0,0.0,0.0
"Grupo Industrial Cuadritos Biotek S.A. DE C.V., EMIS",Alimentos y Bebidas,2020,2413045.66,0.0,77962.28,-254804.94,-2029526.83,-20295.2683,-2548.0494
"Grupo Industrial Cuadritos Biotek S.A. DE C.V., EMIS",Alimentos y Bebidas,2021,2475660.65,0.0,41352.68,-269569.41,-1955169.61,-19551.6961,-2695.6940999999997
"Grupo Industrial Cuadritos Biotek S.A. DE C.V., EMIS",Alimentos y Bebidas,2022,0.0,0.0,0.0,0.0,0.0,0.0,0.0
"Grupo Industrial Cuadritos Biotek S.A. DE C.V., EMIS",Alimentos y Bebidas,2023,0.0,0.0,0.0,0.0,0.0,0.0,0.0
"Grupo Industrial Saltillo, S.A.B. DE C.V., EMIS",Automotriz y Transporte,2019,922837.93,31266.84,57461.01,-151729.75,-673816.23,-6738.1623,-1517.2975000000001
"Grupo Industrial Saltillo, S.A.B. DE C.V., EMIS",Automotriz y Transporte,2020,34535.14,2876.08,1771.64,-6193.2,-24302.56,-243.02560000000003,-61.932
"Grupo Industrial Saltillo, S.A.B. DE C.V., EMIS",Automotriz y Transporte,2021,996659.0,0.0,73726.0,-405703.0,-486237.0,-4862.37,-4057.03
"Grupo Industrial Saltillo, S.A.B. DE C.V., EMIS",Automotriz y Transporte,2022,1206722.0,0.0,65577.0,-333411.0,-709749.0,-7097.49,-3334.11
"Grupo Industrial Saltillo, S.A.B. DE C.V., EMIS",Automotriz y Transporte,2023,1071215.0,0.0,33233.0,-375710.0,-658947.0,-6589.47,-3757.1
"Grupo Julio S.A. DE C.V., EMIS",Comercio y Retail,2019,0.0,0.0,0.0,0.0,0.0,0.0,0.0
"Grupo Julio S.A. DE C.V., EMIS",Comercio y Retail,2020,780519.15,0.0,0.0,0.0,0.0,0.0,0.0
"Grupo Julio S.A. DE C.V., EMIS",Comercio y Retail,2021,1245761.06,0.0,0.0,0.0,0.0,0.0,0.0
"Grupo Julio S.A. DE C.V., EMIS",Comercio y Retail,2022,1702719.11,0.0,70122.01,-636220.24,-969197.03,-9691.9703,-6362.2024
"Grupo Julio S.A. DE C.V., EMIS",Comercio y Retail,2023,2007330.19,0.0,75993.67,-739196.9,-1113909.09,-11139.090900000001,-7391.969
"Grupo Minsa, S.A.B. DE C.V., EMIS",Alimentos y Bebidas,2019,4833988.0,0.0,290128.0,-1010079.0,-3552821.0,-35528.21,-10100.79
"Grupo Minsa, S.A.B. DE C.V., EMIS",Alimentos y Bebidas,2020,5154439.0,0.0,184200.0,-1041767.0,-3740816.0,-37408.16,-10417.67
"Grupo Minsa, S.A.B. DE C.V., EMIS",Alimentos y Bebidas,2021,5734564.0,0.0,90640.0,-1072054.0,-4386480.0,-43864.8,-10720.54
"Grupo Minsa, S.A.B. DE C.V., EMIS",Alimentos y Bebidas,2022,7152871.0,0.0,140825.0,-1274477.0,-5770588.0,-57705.880000000005,-12744.77
"Grupo Minsa, S.A.B. DE C.V., EMIS",Alimentos y Bebidas,2023,7316039.0,0.0,104882.0,-1489048.0,-5633530.0,-56335.3,-14890.48
"Grupo Palacio De Hierro, S.A.B. DE C.V., EMIS",Comercio y Retail,2019,31886635.0,3073256.0,1442841.0,-8430743.0,-20885085.0,-208850.85,-84307.43000000001
"Grupo Palacio De Hierro, S.A.B. DE C.V., EMIS",Comercio y Retail,2020,23445337.0,0.0,6386168.0,-8608497.0,-15244490.0,-152444.9,-86084.97
"Grupo Palacio De Hierro, S.A.B. DE C.V., EMIS",Comercio y Retail,2021,34330122.0,0.0,6088497.0,-10258306.0,-22686437.0,-226864.37,-102583.06
"Grupo Palacio De Hierro, S.A.B. DE C.V., EMIS",Comercio y Retail,2022,42566818.0,0.0,7393393.0,-12159964.0,-28240168.0,-282401.68,-121599.64
"Grupo Palacio De Hierro, S.A.B. DE C.V., EMIS",Comercio y Retail,2023,46695704.0,0.0,6707873.0,-12810099.0,-30568045.0,-305680.45,-128100.99
"Grupo Sanborns, S.A.B. DE C.V., EMIS",Comercio y Retail,2019,53288479.0,784.0,1689392.0,-16022298.0,-18170889.0,-181708.89,-160222.98
"Grupo Sanborns, S.A.B. DE C.V., EMIS",Comercio y Retail,2020,39612874.0,0.0,3990572.0,-11985336.0,-24765294.0,-247652.94,-119853.36
"Grupo Sanborns, S.A.B. DE C.V., EMIS",Comercio y Retail,2021,52939372.0,0.0,7304948.0,-14526471.0,-33577734.0,-335777.34,-145264.71
"Grupo Sanborns, S.A.B. DE C.V., EMIS",Comercio y Retail,2022,64807342.0,0.0,8395504.0,-16163359.0,-41175845.0,-411758.45,-161633.59
"Grupo Sanborns, S.A.B. DE C.V., EMIS",Comercio y Retail,2023,73326668.0,0.0,6209095.0,-17042576.0,-47049426.0,-470494.26,-170425.76
"Grupo Sports World, S.A.B. DE C.V., EMIS",Comercio y Retail,2019,2014971.0,56583.0,32806.0,-1225086.0,0.0,0.0,-12250.86
"Grupo Sports World, S.A.B. DE C.V., EMIS",Comercio y Retail,2020,907122.0,0.0,99314.0,-885910.0,0.0,0.0,-8859.1
"Grupo Sports World, S.A.B. DE C.V., EMIS",Comercio y Retail,2021,648846.0,0.0,68520.0,-652018.0,0.0,0.0,-6520.18
"Grupo Sports World, S.A.B. DE C.V., EMIS",Comercio y Retail,2022,1307664.0,0.0,149046.0,-1026885.0,0.0,0.0,-10268.85
"Grupo Sports World, S.A.B. DE C.V., EMIS",Comercio y Retail,2023,1780845.0,0.0,103245.0,-1113164.0,0.0,0.0,-11131.64
"Grupo Vasconia S.A.B., EMIS",Materiales e Industria,2019,3074397.0,3657.0,20502.0,-536139.0,-2138909.0,-21389.09,-5361.39
"Grupo Vasconia S.A.B., EMIS",Materiales e Industria,2020,3330855.0,5269.0,43149.0,-531815.0,-2442807.0,-24428.07,-5318.150000000001
"Grupo Vasconia S.A.B., EMIS",Materiales e Industria,2021,4871845.0,0.0,77600.0,-760284.0,-3546328.0,-35463.28,-7602.84
"Grupo Vasconia S.A.B., EMIS",Materiales e Industria,2022,4846328.0,0.0,304314.0,-840798.0,-3806239.0,-38062.39,-8407.98
"Grupo Vasconia S.A.B., EMIS",Materiales e Industria,2023,3069162.0,0.0,100738.0,-836254.0,-2131982.0,-21319.82,-8362.54
"H & M Hennes & Mauritz S.A. De C.V., EMIS",Comercio y Retail,2019,0.0,0.0,0.0,0.0,0.0,0.0,0.0
"H & M Hennes & Mauritz S.A. De C.V., EMIS",Comercio y Retail,2020,0.0,0.0,0.0,0.0,0.0,0.0,0.0
"H & M Hennes & Mauritz S.A. De C.V., EMIS",Comercio y Retail,2021,0.0,0.0,0.0,0.0,0.0,0.0,0.0
"H & M Hennes & Mauritz S.A. De C.V., EMIS",Comercio y Retail,2022,0.0,0.0,0.0,0.0,0.0,0.0,0.0
"H & M Hennes & Mauritz S.A. De C.V., EMIS",Comercio y Retail,2023,0.0,0.0,0.0,0.0,0.0,0.0,0.0
"Harinas S.A. DE C.V., EMIS",Alimentos y Bebidas,2019,0.0,0.0,0.0,0.0,0.0,0.0,0.0
"Harinas S.A. DE C.V., EMIS",Alimentos y Bebidas,2020,2916869.0,0.0,339850.0,0.0,-2327951.0,-23279.510000000002,0.0
"Harinas S.A. DE C.V., EMIS",Alimentos y Bebidas,2021,2950059.0,0.0,914435.0,0.0,-2188718.0,-21887.18,0.0
"Harinas S.A. DE C.V., EMIS",Alimentos y Bebidas,2022,0.0,0.0,0.0,0.0,0.0,0.0,0.0
"Harinas S.A. DE C.V., EMIS",Alimentos y Bebidas,2023,0.0,0.0,0.0,0.0,0.0,0.0,0.0
"Igsa S.A. De C.V., EMIS",Energía y Combustibles,2019,0.0,0.0,0.0,0.0,0.0,0.0,0.0
"Igsa S.A. De C.V., EMIS",Energía y Combustibles,2020,53651.69,0.0,0.0,0.0,0.0,0.0,0.0
"Igsa S.A. De C.V., EMIS",Energía y Combustibles,2021,64253.47,0.0,0.0,0.0,0.0,0.0,0.0
"Igsa S.A. De C.V., EMIS",Energía y Combustibles,2022,0.0,0.0,0.0,0.0,0.0,0.0,0.0
"Igsa S.A. De C.V., EMIS",Energía y Combustibles,2023,0.0,0.0,0.0,0.0,0.0,0.0,0.0
"Imperio Automotriz Del Sur S.A. De C.V., EMIS",Automotriz y Transporte,2019,0.0,0.0,0.0,0.0,0.0,0.0,0.0
"Imperio Automotriz Del Sur S.A. De C.V., EMIS",Automotriz y Transporte,2020,0.0,0.0,0.0,0.0,0.0,0.0,0.0
"Imperio Automotriz Del Sur S.A. De C.V., EMIS",Automotriz y Transporte,2021,0.0,0.0,0.0,0.0,0.0,0.0,0.0
"Imperio Automotriz Del Sur S.A. De C.V., EMIS",Automotriz y Transporte,2022,0.0,0.0,0.0,0.0,0.0,0.0,0.0
"Imperio Automotriz Del Sur S.A. De C.V., EMIS",Automotriz y Transporte,2023,0.0,0.0,0.0,0.0,0.0,0.0,0.0
"Impresos Y Empaques Fadm S. DE R.L. DE C.V., EMIS",Materiales e Industria,2019,82597362.0,0.0,0.0,0.0,0.0,0.0,0.0
"Impresos Y Empaques Fadm S. DE R.L. DE C.V., EMIS",Materiales e Industria,2020,0.0,0.0,0.0,0.0,0.0,0.0,0.0
"Impresos Y Empaques Fadm S. DE R.L. DE C.V., EMIS",Materiales e Industria,2021,0.0,0.0,0.0,0.0,0.0,0.0,0.0
"Impresos Y Empaques Fadm S. DE R.L. DE C.V., EMIS",Materiales e Industria,2022,0.0,0.0,0.0,0.0,0.0,0.0,0.0
"Impresos Y Empaques Fadm S. DE R.L. DE C.V., EMIS",Materiales e Industria,2023,0.0,0.0,0.0,0.0,0.0,0.0,0.0
"Impulsora Elizondo S.A. DE C.V., EMIS",Materiales e Industria,2019,0.0,0.0,0.0,0.0,0.0,0.0,0.0
"Impulsora Elizondo S.A. DE C.V., EMIS",Materiales e Industria,2020,1742409.48,0.0,0.0,0.0,0.0,0.0,0.0
"Impulsora Elizondo S.A. DE C.V., EMIS",Materiales e Industria,2021,2380007.84,0.0,0.0,0.0,0.0,0.0,0.0
"Impulsora Elizondo S.A. DE C.V., EMIS",Materiales e Industria,2022,2627119.36,0.0,63838.13,0.0,-1815929.13,-18159.2913,0.0
"Impulsora Elizondo S.A. DE C.V., EMIS",Materiales e Industria,2023,3072682.05,0.0,55555.76,0.0,-2046026.75,-20460.2675,0.0
"Indheca Grupo Constructor S.A. De C.V., EMIS",Construcción e Infraestructura,2019,0.0,0.0,0.0,0.0,0.0,0.0,0.0
"Indheca Grupo Constructor S.A. De C.V., EMIS",Construcción e Infraestructura,2020,0.0,0.0,0.0,0.0,0.0,0.0,0.0
"Indheca Grupo Constructor S.A. De C.V., EMIS",Construcción e Infraestructura,2021,0.0,0.0,0.0,0.0,0.0,0.0,0.0
"Indheca Grupo Constructor S.A. De C.V., EMIS",Construcción e Infraestructura,2022,0.0,0.0,0.0,0.0,0.0,0.0,0.0
"Indheca Grupo Constructor S.A. De C.V., EMIS",Construcción e Infraestructura,2023,0.0,0.0,0.0,0.0,0.0,0.0,0.0
"Industrial Aceitera S.A. DE C.V., EMIS",Alimentos y Bebidas,2019,3846246.52,0.0,88119.29,-173225.5,-3202222.21,-32022.2221,-1732.255
"Industrial Aceitera S.A. DE C.V., EMIS",Alimentos y Bebidas,2020,4349637.11,0.0,161505.79,-184352.2,-3601612.55,-36016.1255,-1843.5220000000002
"Industrial Aceitera S.A. DE C.V., EMIS",Alimentos y Bebidas,2021,6055908.75,0.0,860805.13,-46676.1,-5124385.67,-51243.856700000004,-466.76099999999997
"Industrial Aceitera S.A. DE C.V., EMIS",Alimentos y Bebidas,2022,7816706.41,0.0,292128.61,-207873.24,-6840235.55,-68402.3555,-2078.7324
"Industrial Aceitera S.A. DE C.V., EMIS",Alimentos y Bebidas,2023,6779487.05,0.0,446622.43,-213297.52,-5761869.69,-57618.6969,-2132.9752
"Industrial Afiliada S.A. DE C.V., EMIS",Materiales e Industria,2019,101580.0,0.0,22748.0,0.0,-75931.0,-759.3100000000001,0.0
"Industrial Afiliada S.A. DE C.V., EMIS",Materiales e Industria,2020,87441.0,0.0,7645.0,0.0,-88217.0,-882.1700000000001,0.0
"Industrial Afiliada S.A. DE C.V., EMIS",Materiales e Industria,2021,758319.0,0.0,0.0,0.0,0.0,0.0,0.0
"Industrial Afiliada S.A. DE C.V., EMIS",Materiales e Industria,2022,2251005.0,0.0,329637.0,0.0,-1882487.0,-18824.87,0.0
"Industrial Afiliada S.A. DE C.V., EMIS",Materiales e Industria,2023,2588809.0,0.0,324670.0,0.0,-2114865.0,-21148.65,0.0
"Industrias Bachoco S.A. De C.V., EMIS",Alimentos y Bebidas,2019,61655245.0,5555903.0,13106862.0,-17490951.0,-39823395.0,-398233.95,-174909.51
"Industrias Bachoco S.A. De C.V., EMIS",Alimentos y Bebidas,2020,68792002.0,0.0,17286374.0,-18801413.0,-44603090.0,-446030.9,-188014.13
"Industrias Bachoco S.A. De C.V., EMIS",Alimentos y Bebidas,2021,81699068.0,0.0,19136443.0,-21043437.0,-54033215.0,-540332.15,-210434.37
"Industrias Bachoco S.A. De C.V., EMIS",Alimentos y Bebidas,2022,98890655.0,0.0,18698892.0,-24945447.0,-64974640.0,-649746.4,-249454.47
"Industrias Bachoco S.A. De C.V., EMIS",Alimentos y Bebidas,2023,93990880.0,0.0,16640799.0,-27557197.0,-60133606.0,-601336.06,-275571.97000000003
"Industrias Frigoríficas S.A. De C.V., EMIS",Alimentos y Bebidas,2019,0.0,0.0,0.0,0.0,0.0,0.0,0.0
"Industrias Frigoríficas S.A. De C.V., EMIS",Alimentos y Bebidas,2020,0.0,0.0,0.0,0.0,0.0,0.0,0.0
"Industrias Frigoríficas S.A. De C.V., EMIS",Alimentos y Bebidas,2021,0.0,0.0,0.0,0.0,0.0,0.0,0.0
"Industrias Frigoríficas S.A. De C.V., EMIS",Alimentos y Bebidas,2022,0.0,0.0,0.0,0.0,0.0,0.0,0.0
"Industrias Frigoríficas S.A. De C.V., EMIS",Alimentos y Bebidas,2023,0.0,0.0,0.0,0.0,0.0,0.0,0.0
"Ingenio El Mante S.A. DE C.V., EMIS",Alimentos y Bebidas,2019,128109.84,0.0,2500.73,0.0,-135550.73,-1355.5073000000002,0.0
"Ingenio El Mante S.A. DE C.V., EMIS",Alimentos y Bebidas,2020,139059.68,0.0,9872.92,0.0,-140892.41,-1408.9241,0.0
"Ingenio El Mante S.A. DE C.V., EMIS",Alimentos y Bebidas,2021,0.0,0.0,0.0,0.0,0.0,0.0,0.0
"Ingenio El Mante S.A. DE C.V., EMIS",Alimentos y Bebidas,2022,0.0,0.0,0.0,0.0,0.0,0.0,0.0
"Ingenio El Mante S.A. DE C.V., EMIS",Alimentos y Bebidas,2023,0.0,0.0,0.0,0.0,0.0,0.0,0.0
"Ingenio Tala S.A. DE C.V., EMIS",Alimentos y Bebidas,2019,3466342.0,0.0,35412.0,-12705.0,-3047950.0,-30479.5,-127.05
"Ingenio Tala S.A. DE C.V., EMIS",Alimentos y Bebidas,2020,4236887.0,0.0,22331.0,-37619.0,-3862380.0,-38623.8,-376.19
"Ingenio Tala S.A. DE C.V., EMIS",Alimentos y Bebidas,2021,0.0,0.0,0.0,0.0,0.0,0.0,0.0
"Ingenio Tala S.A. DE C.V., EMIS",Alimentos y Bebidas,2022,0.0,0.0,0.0,0.0,0.0,0.0,0.0
"Ingenio Tala S.A. DE C.V., EMIS",Alimentos y Bebidas,2023,0.0,0.0,0.0,0.0,0.0,0.0,0.0
"Ingredion México S.A. De C.V., EMIS",Alimentos y Bebidas,2019,0.0,0.0,0.0,0.0,0.0,0.0,0.0
"Ingredion México S.A. De C.V., EMIS",Alimentos y Bebidas,2020,0.0,0.0,0.0,0.0,0.0,0.0,0.0
"Ingredion México S.A. De C.V., EMIS",Alimentos y Bebidas,2021,0.0,0.0,0.0,0.0,0.0,0.0,0.0
"Ingredion México S.A. De C.V., EMIS",Alimentos y Bebidas,2022,0.0,0.0,0.0,0.0,0.0,0.0,0.0
"Ingredion México S.A. De C.V., EMIS",Alimentos y Bebidas,2023,0.0,0.0,0.0,0.0,0.0,0.0,0.0
"Kaeser Compresores De México, S. De R.L. De C.V., EMIS",Materiales e Industria,2019,0.0,0.0,0.0,0.0,0.0,0.0,0.0
"Kaeser Compresores De México, S. De R.L. De C.V., EMIS",Materiales e Industria,2020,0.0,0.0,0.0,0.0,0.0,0.0,0.0
"Kaeser Compresores De México, S. De R.L. De C.V., EMIS",Materiales e Industria,2021,0.0,0.0,0.0,0.0,0.0,0.0,0.0
"Kaeser Compresores De México, S. De R.L. De C.V., EMIS",Materiales e Industria,2022,0.0,0.0,0.0,0.0,0.0,0.0,0.0
"Kaeser Compresores De México, S. De R.L. De C.V., EMIS",Materiales e Industria,2023,0.0,0.0,0.0,0.0,0.0,0.0,0.0
"La Comer S.A.B. DE C.V., EMIS",Alimentos y Bebidas,2019,21591397.0,1766016.0,625396.0,-4014797.0,-15667261.0,-156672.61000000002,-40147.97
"La Comer S.A.B. DE C.V., EMIS",Alimentos y Bebidas,2020,27020615.0,2373727.0,666639.0,-5674018.0,-18728629.0,-187286.29,-56740.18
"La Comer S.A.B. DE C.V., EMIS",Alimentos y Bebidas,2021,28906304.0,0.0,2535787.0,-6318558.0,-19764772.0,-197647.72,-63185.58
"La Comer S.A.B. DE C.V., EMIS",Alimentos y Bebidas,2022,33435659.0,0.0,2077661.0,-6018162.0,-24022889.0,-240228.89,-60181.62
"La Comer S.A.B. DE C.V., EMIS",Alimentos y Bebidas,2023,38465266.0,0.0,2313821.0,-7234304.0,-27410931.0,-274109.31,-72343.04000000001
"La Cosmopolitana S.A. DE C.V., EMIS",Alimentos y Bebidas,2019,4628024.88,0.0,388485.0,-227384.94,-2968841.88,-29688.4188,-2273.8494
"La Cosmopolitana S.A. DE C.V., EMIS",Alimentos y Bebidas,2020,4048569.36,0.0,166594.37,-167602.81,-2705391.83,-27053.9183,-1676.0281
"La Cosmopolitana S.A. DE C.V., EMIS",Alimentos y Bebidas,2021,4695221.23,0.0,153944.47,-228642.56,-3269061.59,-32690.6159,-2286.4256
"La Cosmopolitana S.A. DE C.V., EMIS",Alimentos y Bebidas,2022,4462244.91,0.0,320526.68,-208045.01,-3058092.89,-30580.928900000003,-2080.4501
"La Cosmopolitana S.A. DE C.V., EMIS",Alimentos y Bebidas,2023,4324143.08,0.0,137141.61,0.0,-2900305.85,-29003.058500000003,0.0
"La Misión Supermercados S.A. De C.V., EMIS",Alimentos y Bebidas,2019,0.0,0.0,0.0,0.0,0.0,0.0,0.0
"La Misión Supermercados S.A. De C.V., EMIS",Alimentos y Bebidas,2020,45941.04,0.0,1310.83,0.0,-34630.55,-346.30550000000005,0.0
"La Misión Supermercados S.A. De C.V., EMIS",Alimentos y Bebidas,2021,48904.96,0.0,1484.24,0.0,-37615.76,-376.1576,0.0
"La Misión Supermercados S.A. De C.V., EMIS",Alimentos y Bebidas,2022,0.0,0.0,0.0,0.0,0.0,0.0,0.0
"La Misión Supermercados S.A. De C.V., EMIS",Alimentos y Bebidas,2023,0.0,0.0,0.0,0.0,0.0,0.0,0.0
"Leche 19 Diecinueve Hermanos S.A. DE C.V., EMIS",Alimentos y Bebidas,2019,4876577.6,0.0,62697.89,-459983.33,-4236790.25,-42367.902500000004,-4599.8333
"Leche 19 Diecinueve Hermanos S.A. DE C.V., EMIS",Alimentos y Bebidas,2020,5135589.71,0.0,137760.91,0.0,-4154678.95,-41546.789500000006,0.0
"Leche 19 Diecinueve Hermanos S.A. DE C.V., EMIS",Alimentos y Bebidas,2021,5707718.56,0.0,0.0,0.0,0.0,0.0,0.0
"Leche 19 Diecinueve Hermanos S.A. DE C.V., EMIS",Alimentos y Bebidas,2022,7073584.62,0.0,95150.89,-618322.81,-6013343.89,-60133.4389,-6183.2281
"Leche 19 Diecinueve Hermanos S.A. DE C.V., EMIS",Alimentos y Bebidas,2023,7135905.2,0.0,68213.93,-655063.83,-5745529.66,-57455.2966,-6550.6383
"Liconsa S.A. De C.V., EMIS",Alimentos y Bebidas,2019,259776.18,0.0,63122.48,-37037.3,-380335.67,-3803.3567,-370.37300000000005
"Liconsa S.A. De C.V., EMIS",Alimentos y Bebidas,2020,239055.84,0.0,74010.69,-72783.8,-375340.09,-3753.4009000000005,-727.8380000000001
"Liconsa S.A. De C.V., EMIS",Alimentos y Bebidas,2021,0.0,0.0,0.0,0.0,0.0,0.0,0.0
"Liconsa S.A. De C.V., EMIS",Alimentos y Bebidas,2022,0.0,0.0,0.0,0.0,0.0,0.0,0.0
"Liconsa S.A. De C.V., EMIS",Alimentos y Bebidas,2023,0.0,0.0,0.0,0.0,0.0,0.0,0.0
"Manufacturas Zapaliname S.A. De C.V., EMIS",Materiales e Industria,2019,0.0,0.0,0.0,0.0,0.0,0.0,0.0
"Manufacturas Zapaliname S.A. De C.V., EMIS",Materiales e Industria,2020,0.0,0.0,0.0,0.0,0.0,0.0,0.0
"Manufacturas Zapaliname S.A. De C.V., EMIS",Materiales e Industria,2021,0.0,0.0,0.0,0.0,0.0,0.0,0.0
"Manufacturas Zapaliname S.A. De C.V., EMIS",Materiales e Industria,2022,0.0,0.0,0.0,0.0,0.0,0.0,0.0
"Manufacturas Zapaliname S.A. De C.V., EMIS",Materiales e Industria,2023,0.0,0.0,0.0,0.0,0.0,0.0,0.0
"Maxiva S.A. DE C.V., EMIS",Comercio y Retail,2019,85583.84,0.0,2585.45,0.0,-39829.5,-398.295,0.0
"Maxiva S.A. DE C.V., EMIS",Comercio y Retail,2020,97702.08,0.0,4283.1,0.0,-43369.66,-433.69660000000005,0.0
"Maxiva S.A. DE C.V., EMIS",Comercio y Retail,2021,109281.05,0.0,1200.88,0.0,-49231.08,-492.31080000000003,0.0
"Maxiva S.A. DE C.V., EMIS",Comercio y Retail,2022,139931.05,0.0,624.62,0.0,-65987.81,-659.8781,0.0
"Maxiva S.A. DE C.V., EMIS",Comercio y Retail,2023,0.0,0.0,0.0,0.0,0.0,0.0,0.0
"Mayoreo Electrico De Monterrey S.A. De C.V., EMIS",Materiales e Industria,2019,57566.32,0.0,35.99,0.0,-45737.09,-457.37089999999995,0.0
"Mayoreo Electrico De Monterrey S.A. De C.V., EMIS",Materiales e Industria,2020,0.0,0.0,0.0,0.0,0.0,0.0,0.0
"Mayoreo Electrico De Monterrey S.A. De C.V., EMIS",Materiales e Industria,2021,0.0,0.0,0.0,0.0,0.0,0.0,0.0
"Mayoreo Electrico De Monterrey S.A. De C.V., EMIS",Materiales e Industria,2022,0.0,0.0,0.0,0.0,0.0,0.0,0.0
"Mayoreo Electrico De Monterrey S.A. De C.V., EMIS",Materiales e Industria,2023,0.0,0.0,0.0,0.0,0.0,0.0,0.0
"Mexicana De Industrias Y Marcas S.A.P.I. DE C.V., EMIS",Alimentos y Bebidas,2019,94614.37,0.0,0.0,0.0,0.0,0.0,0.0
"Mexicana De Industrias Y Marcas S.A.P.I. DE C.V., EMIS",Alimentos y Bebidas,2020,129561.64,0.0,0.0,0.0,0.0,0.0,0.0
"Mexicana De Industrias Y Marcas S.A.P.I. DE C.V., EMIS",Alimentos y Bebidas,2021,173215.43,0.0,7462.28,-12260.81,-150910.13,-1509.1013,-122.6081
"Mexicana De Industrias Y Marcas S.A.P.I. DE C.V., EMIS",Alimentos y Bebidas,2022,247447.03,0.0,6798.4,-18509.09,-201740.13,-2017.4013,-185.0909
"Mexicana De Industrias Y Marcas S.A.P.I. DE C.V., EMIS",Alimentos y Bebidas,2023,0.0,0.0,0.0,0.0,0.0,0.0,0.0
"Micronet De México S.A. De C.V., EMIS",Tecnología y Servicios,2019,86603.7,0.0,0.0,0.0,0.0,0.0,0.0
"Micronet De México S.A. De C.V., EMIS",Tecnología y Servicios,2020,101288.4,0.0,0.0,0.0,0.0,0.0,0.0
"Micronet De México S.A. De C.V., EMIS",Tecnología y Servicios,2021,0.0,0.0,0.0,0.0,0.0,0.0,0.0
"Micronet De México S.A. De C.V., EMIS",Tecnología y Servicios,2022,0.0,0.0,0.0,0.0,0.0,0.0,0.0
"Micronet De México S.A. De C.V., EMIS",Tecnología y Servicios,2023,0.0,0.0,0.0,0.0,0.0,0.0,0.0
"Molinos Azteca De Chalco S.A. De C.V., EMIS",Materiales e Industria,2019,0.0,0.0,0.0,0.0,0.0,0.0,0.0
"Molinos Azteca De Chalco S.A. De C.V., EMIS",Materiales e Industria,2020,0.0,0.0,0.0,0.0,0.0,0.0,0.0
"Molinos Azteca De Chalco S.A. De C.V., EMIS",Materiales e Industria,2021,0.0,0.0,0.0,0.0,0.0,0.0,0.0
"Molinos Azteca De Chalco S.A. De C.V., EMIS",Materiales e Industria,2022,0.0,0.0,0.0,0.0,0.0,0.0,0.0
"Molinos Azteca De Chalco S.A. De C.V., EMIS",Materiales e Industria,2023,0.0,0.0,0.0,0.0,0.0,0.0,0.0
"Momatt S.A. De C.V., EMIS",Materiales e Industria,2019,0.0,0.0,0.0,0.0,0.0,0.0,0.0
"Momatt S.A. De C.V., EMIS",Materiales e Industria,2020,0.0,0.0,0.0,0.0,0.0,0.0,0.0
"Momatt S.A. De C.V., EMIS",Materiales e Industria,2021,0.0,0.0,0.0,0.0,0.0,0.0,0.0
"Momatt S.A. De C.V., EMIS",Materiales e Industria,2022,0.0,0.0,0.0,0.0,0.0,0.0,0.0
"Momatt S.A. De C.V., EMIS",Materiales e Industria,2023,0.0,0.0,0.0,0.0,0.0,0.0,0.0
"Montoi S.A. DE C.V., EMIS",Otros,2019,2015713.41,0.0,24760.45,0.0,-1842484.9,-18424.849,0.0
"Montoi S.A. DE C.V., EMIS",Otros,2020,3103047.78,0.0,9698.88,0.0,-2884903.62,-28849.036200000002,0.0
"Montoi S.A. DE C.V., EMIS",Otros,2021,5408513.03,0.0,27387.69,0.0,0.0,0.0,0.0
"Montoi S.A. DE C.V., EMIS",Otros,2022,3905674.26,0.0,41178.66,0.0,-3732827.68,-37328.2768,0.0
"Montoi S.A. DE C.V., EMIS",Otros,2023,2560797.79,0.0,34285.48,0.0,-2426164.76,-24261.647599999997,0.0
"Munsa Molinos S.A. De C.V., EMIS",Alimentos y Bebidas,2019,0.0,0.0,0.0,0.0,0.0,0.0,0.0
"Munsa Molinos S.A. De C.V., EMIS",Alimentos y Bebidas,2020,0.0,0.0,0.0,0.0,0.0,0.0,0.0
"Munsa Molinos S.A. De C.V., EMIS",Alimentos y Bebidas,2021,0.0,0.0,0.0,0.0,0.0,0.0,0.0
"Munsa Molinos S.A. De C.V., EMIS",Alimentos y Bebidas,2022,0.0,0.0,0.0,0.0,0.0,0.0,0.0
"Munsa Molinos S.A. De C.V., EMIS",Alimentos y Bebidas,2023,0.0,0.0,0.0,0.0,0.0,0.0,0.0
"Nueva Elektra Del Milenio S.A. De C.V., EMIS",Tecnología y Servicios,2019,0.0,0.0,0.0,0.0,0.0,0.0,0.0
"Nueva Elektra Del Milenio S.A. De C.V., EMIS",Tecnología y Servicios,2020,0.0,0.0,0.0,0.0,0.0,0.0,0.0
"Nueva Elektra Del Milenio S.A. De C.V., EMIS",Tecnología y Servicios,2021,0.0,0.0,0.0,0.0,0.0,0.0,0.0
"Nueva Elektra Del Milenio S.A. De C.V., EMIS",Tecnología y Servicios,2022,0.0,0.0,0.0,0.0,0.0,0.0,0.0
"Nueva Elektra Del Milenio S.A. De C.V., EMIS",Tecnología y Servicios,2023,0.0,0.0,0.0,0.0,0.0,0.0,0.0
"Organizacion Soriana, S.A.B. DE C.V., EMIS",Alimentos y Bebidas,2019,152060000.0,0.0,1921000.0,-25477000.0,-118030000.0,-1180300.0,-254770.0
"Organizacion Soriana, S.A.B. DE C.V., EMIS",Alimentos y Bebidas,2020,153995000.0,0.0,7627000.0,-25008000.0,-92703000.0,-927030.0,-250080.0
"Organizacion Soriana, S.A.B. DE C.V., EMIS",Alimentos y Bebidas,2021,152131000.0,0.0,9901000.0,-24837000.0,-118344000.0,-1183440.0,-248370.0
"Organizacion Soriana, S.A.B. DE C.V., EMIS",Alimentos y Bebidas,2022,162495000.0,0.0,10280000.0,-27296000.0,-126366000.0,-1263660.0,-272960.0
"Organizacion Soriana, S.A.B. DE C.V., EMIS",Alimentos y Bebidas,2023,171234000.0,0.0,6746000.0,-30695000.0,-132950000.0,-1329500.0,-306950.0
"Pandora Jewelry México S.A. DE C.V., EMIS",Otros,2019,491588.61,0.0,117553.51,-110721.12,-109529.2,-1095.292,-1107.2112
"Pandora Jewelry México S.A. DE C.V., EMIS",Otros,2020,1032787.32,0.0,206125.25,0.0,-482157.03,-4821.5703,0.0
"Pandora Jewelry México S.A. DE C.V., EMIS",Otros,2021,1547511.36,0.0,328839.3,0.0,-668292.76,-6682.9276,0.0
"Pandora Jewelry México S.A. DE C.V., EMIS",Otros,2022,2487823.17,0.0,109855.36,-807619.46,-1256763.41,-12567.6341,-8076.1946
"Pandora Jewelry México S.A. DE C.V., EMIS",Otros,2023,3184887.33,0.0,123925.92,-936550.5,-1753540.31,-17535.4031,-9365.505000000001
"Pasteurizadora Maulec S.A.P.I. DE C.V., EMIS",Alimentos y Bebidas,2019,3228083.07,0.0,0.0,0.0,0.0,0.0,0.0
"Pasteurizadora Maulec S.A.P.I. DE C.V., EMIS",Alimentos y Bebidas,2020,3382757.89,0.0,77293.48,-281583.9,-2580480.89,-25804.808900000004,-2815.8390000000004
"Pasteurizadora Maulec S.A.P.I. DE C.V., EMIS",Alimentos y Bebidas,2021,3658325.61,0.0,97959.53,-322876.99,-2666697.04,-26666.970400000002,-3228.7699
"Pasteurizadora Maulec S.A.P.I. DE C.V., EMIS",Alimentos y Bebidas,2022,4481409.39,0.0,39300.79,-427863.88,-3669105.66,-36691.0566,-4278.6388
"Pasteurizadora Maulec S.A.P.I. DE C.V., EMIS",Alimentos y Bebidas,2023,4722111.84,0.0,335474.36,-374149.19,-3629861.77,-36298.6177,-3741.4919
"Pc Online S.A. DE C.V., EMIS",Comercio y Retail,2019,795487.78,0.0,3920.43,-28824.21,-685616.8,-6856.168000000001,-288.2421
"Pc Online S.A. DE C.V., EMIS",Comercio y Retail,2020,1535376.11,0.0,7356.84,-78020.6,-1259988.97,-12599.8897,-780.2060000000001
"Pc Online S.A. DE C.V., EMIS",Comercio y Retail,2021,1848258.86,0.0,53858.53,-99111.91,-1626900.77,-16269.0077,-991.1191
"Pc Online S.A. DE C.V., EMIS",Comercio y Retail,2022,1908473.5,0.0,37198.19,-120693.6,-1666587.39,-16665.8739,-1206.9360000000001
"Pc Online S.A. DE C.V., EMIS",Comercio y Retail,2023,1960401.59,0.0,43362.39,-110894.88,-1691048.76,-16910.4876,-1108.9488000000001
"Picacho Grupo Automotriz S.A. De C.V., EMIS",Automotriz y Transporte,2019,0.0,0.0,0.0,0.0,0.0,0.0,0.0
"Picacho Grupo Automotriz S.A. De C.V., EMIS",Automotriz y Transporte,2020,0.0,0.0,0.0,0.0,0.0,0.0,0.0
"Picacho Grupo Automotriz S.A. De C.V., EMIS",Automotriz y Transporte,2021,0.0,0.0,0.0,0.0,0.0,0.0,0.0
"Picacho Grupo Automotriz S.A. De C.V., EMIS",Automotriz y Transporte,2022,0.0,0.0,0.0,0.0,0.0,0.0,0.0
"Picacho Grupo Automotriz S.A. De C.V., EMIS",Automotriz y Transporte,2023,0.0,0.0,0.0,0.0,0.0,0.0,0.0
"Policon Energy S.A. De C.V., EMIS",Construcción e Infraestructura,2019,0.0,0.0,0.0,0.0,0.0,0.0,0.0
"Policon Energy S.A. De C.V., EMIS",Construcción e Infraestructura,2020,0.0,0.0,0.0,0.0,0.0,0.0,0.0
"Policon Energy S.A. De C.V., EMIS",Construcción e Infraestructura,2021,0.0,0.0,0.0,0.0,0.0,0.0,0.0
"Policon Energy S.A. De C.V., EMIS",Construcción e Infraestructura,2022,0.0,0.0,0.0,0.0,0.0,0.0,0.0
"Policon Energy S.A. De C.V., EMIS",Construcción e Infraestructura,2023,0.0,0.0,0.0,0.0,0.0,0.0,0.0
"Proan Alimentos S. DE R.L. DE C.V., EMIS",Alimentos y Bebidas,2019,1051138.64,0.0,7478.41,0.0,-759947.18,-7599.4718,0.0
"Proan Alimentos S. DE R.L. DE C.V., EMIS",Alimentos y Bebidas,2020,0.0,0.0,0.0,0.0,0.0,0.0,0.0
"Proan Alimentos S. DE R.L. DE C.V., EMIS",Alimentos y Bebidas,2021,0.0,0.0,0.0,0.0,0.0,0.0,0.0
"Proan Alimentos S. DE R.L. DE C.V., EMIS",Alimentos y Bebidas,2022,1966958.2,0.0,21179.17,0.0,-1468907.84,-14689.0784,0.0
"Proan Alimentos S. DE R.L. DE C.V., EMIS",Alimentos y Bebidas,2023,2051329.56,0.0,73907.82,-184569.0,-1418742.44,-14187.4244,-1845.69
"Productos Eléctricos De Tijuana S.A. DE C.V., EMIS",Materiales e Industria,2019,0.0,0.0,0.0,0.0,0.0,0.0,0.0
"Productos Eléctricos De Tijuana S.A. DE C.V., EMIS",Materiales e Industria,2020,1062002.59,0.0,0.0,0.0,0.0,0.0,0.0
"Productos Eléctricos De Tijuana S.A. DE C.V., EMIS",Materiales e Industria,2021,1969689.63,0.0,0.0,0.0,0.0,0.0,0.0
"Productos Eléctricos De Tijuana S.A. DE C.V., EMIS",Materiales e Industria,2022,2241835.28,0.0,238070.26,-53155.45,-1667250.41,-16672.5041,-531.5545
"Productos Eléctricos De Tijuana S.A. DE C.V., EMIS",Materiales e Industria,2023,2204622.36,0.0,181438.05,-62581.81,-1617226.91,-16172.2691,-625.8181
"Promotora Petrolera Regiomontana S.A. DE C.V., EMIS",Energía y Combustibles,2019,157339.37,0.0,0.0,0.0,0.0,0.0,0.0
"Promotora Petrolera Regiomontana S.A. DE C.V., EMIS",Energía y Combustibles,2020,173452.99,0.0,31728.7,0.0,-162276.53,-1622.7653,0.0
"Promotora Petrolera Regiomontana S.A. DE C.V., EMIS",Energía y Combustibles,2021,178629.53,0.0,4072.4,0.0,-169197.54,-1691.9754,0.0
"Promotora Petrolera Regiomontana S.A. DE C.V., EMIS",Energía y Combustibles,2022,0.0,0.0,0.0,0.0,0.0,0.0,0.0
"Promotora Petrolera Regiomontana S.A. DE C.V., EMIS",Energía y Combustibles,2023,0.0,0.0,0.0,0.0,0.0,0.0,0.0
"Salchichas Y Jamones De México S.A. DE C.V., EMIS",Alimentos y Bebidas,2019,129435.03,0.0,0.0,0.0,0.0,0.0,0.0
"Salchichas Y Jamones De México S.A. DE C.V., EMIS",Alimentos y Bebidas,2020,122412.71,0.0,2105.64,0.0,-88914.47,-889.1447000000001,0.0
"Salchichas Y Jamones De México S.A. DE C.V., EMIS",Alimentos y Bebidas,2021,132897.99,0.0,3533.92,0.0,-88578.64,-885.7864,0.0
"Salchichas Y Jamones De México S.A. DE C.V., EMIS",Alimentos y Bebidas,2022,0.0,0.0,0.0,0.0,0.0,0.0,0.0
"Salchichas Y Jamones De México S.A. DE C.V., EMIS",Alimentos y Bebidas,2023,0.0,0.0,0.0,0.0,0.0,0.0,0.0
"Saverglass S. DE R.L. DE C.V., EMIS",Materiales e Industria,2019,71770.68,0.0,12053.14,0.0,-52561.63,-525.6163,0.0
"Saverglass S. DE R.L. DE C.V., EMIS",Materiales e Industria,2020,96541.79,0.0,11815.45,0.0,-66959.98,-669.5998,0.0
"Saverglass S. DE R.L. DE C.V., EMIS",Materiales e Industria,2021,111281.64,0.0,15730.18,0.0,-75718.08,-757.1808,0.0
"Saverglass S. DE R.L. DE C.V., EMIS",Materiales e Industria,2022,163204.11,0.0,11244.67,0.0,-114093.21,-1140.9321,0.0
"Saverglass S. DE R.L. DE C.V., EMIS",Materiales e Industria,2023,0.0,0.0,0.0,0.0,0.0,0.0,0.0
"Schettino Hermanos, S. De R.L. De C.V., EMIS",Alimentos y Bebidas,2019,213521.05,0.0,0.0,0.0,0.0,0.0,0.0
"Schettino Hermanos, S. De R.L. De C.V., EMIS",Alimentos y Bebidas,2020,177051.81,0.0,0.0,0.0,0.0,0.0,0.0
"Schettino Hermanos, S. De R.L. De C.V., EMIS",Alimentos y Bebidas,2021,0.0,0.0,0.0,0.0,0.0,0.0,0.0
"Schettino Hermanos, S. De R.L. De C.V., EMIS",Alimentos y Bebidas,2022,0.0,0.0,0.0,0.0,0.0,0.0,0.0
"Schettino Hermanos, S. De R.L. De C.V., EMIS",Alimentos y Bebidas,2023,0.0,0.0,0.0,0.0,0.0,0.0,0.0
"Sealed Air De México Operations, S. De R.L. De C.V., EMIS",Materiales e Industria,2019,0.0,0.0,0.0,0.0,0.0,0.0,0.0
"Sealed Air De México Operations, S. De R.L. De C.V., EMIS",Materiales e Industria,2020,0.0,0.0,0.0,0.0,0.0,0.0,0.0
"Sealed Air De México Operations, S. De R.L. De C.V., EMIS",Materiales e Industria,2021,0.0,0.0,0.0,0.0,0.0,0.0,0.0
"Sealed Air De México Operations, S. De R.L. De C.V., EMIS",Materiales e Industria,2022,0.0,0.0,0.0,0.0,0.0,0.0,0.0
"Sealed Air De México Operations, S. De R.L. De C.V., EMIS",Materiales e Industria,2023,0.0,0.0,0.0,0.0,0.0,0.0,0.0
"Sigma Alimentos S.A. De C.V. (San Pedro Garza García), EMIS",Alimentos y Bebidas,2019,106340864.0,123973.0,12837614.0,-35320489.0,-58919080.0,-589190.8,-353204.89
"Sigma Alimentos S.A. De C.V. (San Pedro Garza García), EMIS",Alimentos y Bebidas,2020,114222039.0,84855.0,12807070.0,-23683313.0,-82748224.0,-827482.24,-236833.13
"Sigma Alimentos S.A. De C.V. (San Pedro Garza García), EMIS",Alimentos y Bebidas,2021,121899819.0,0.0,12301636.0,-19988760.0,-87781317.0,-877813.17,-199887.6
"Sigma Alimentos S.A. De C.V. (San Pedro Garza García), EMIS",Alimentos y Bebidas,2022,149310667.0,6500.0,13208493.0,-48756304.0,-88060463.0,-880604.63,-487563.04000000004
"Sigma Alimentos S.A. De C.V. (San Pedro Garza García), EMIS",Alimentos y Bebidas,2023,150837832.0,6500.0,10562615.0,-52986872.0,-84169299.0,-841692.99,-529868.72
"Surman Texcoco S.A. De C.V., EMIS",Automotriz y Transporte,2019,0.0,0.0,0.0,0.0,0.0,0.0,0.0
"Surman Texcoco S.A. De C.V., EMIS",Automotriz y Transporte,2020,0.0,0.0,0.0,0.0,0.0,0.0,0.0
"Surman Texcoco S.A. De C.V., EMIS",Automotriz y Transporte,2021,0.0,0.0,0.0,0.0,0.0,0.0,0.0
"Surman Texcoco S.A. De C.V., EMIS",Automotriz y Transporte,2022,0.0,0.0,0.0,0.0,0.0,0.0,0.0
"Surman Texcoco S.A. De C.V., EMIS",Automotriz y Transporte,2023,0.0,0.0,0.0,0.0,0.0,0.0,0.0
"Tequila Sauza S. DE R.L. DE C.V., EMIS",Alimentos y Bebidas,2019,4601891.31,0.0,133549.32,0.0,-4434873.48,-44348.734800000006,0.0
"Tequila Sauza S. DE R.L. DE C.V., EMIS",Alimentos y Bebidas,2020,3963597.34,0.0,114790.54,0.0,-3888152.01,-38881.5201,0.0
"Tequila Sauza S. DE R.L. DE C.V., EMIS",Alimentos y Bebidas,2021,0.0,0.0,0.0,0.0,0.0,0.0,0.0
"Tequila Sauza S. DE R.L. DE C.V., EMIS",Alimentos y Bebidas,2022,0.0,0.0,0.0,0.0,0.0,0.0,0.0
"Tequila Sauza S. DE R.L. DE C.V., EMIS",Alimentos y Bebidas,2023,0.0,0.0,0.0,0.0,0.0,0.0,0.0
"Tony Tiendas S.A. DE C.V., EMIS",Comercio y Retail,2019,5587771.56,0.0,45519.57,0.0,-4448241.86,-44482.418600000005,0.0
"Tony Tiendas S.A. DE C.V., EMIS",Comercio y Retail,2020,5821626.04,0.0,43689.62,0.0,-4661208.26,-46612.0826,0.0
"Tony Tiendas S.A. DE C.V., EMIS",Comercio y Retail,2021,4646756.7,0.0,0.0,0.0,0.0,0.0,0.0
"Tony Tiendas S.A. DE C.V., EMIS",Comercio y Retail,2022,6403200.6,0.0,5313.91,0.0,-4695245.65,-46952.45650000001,0.0
"Tony Tiendas S.A. DE C.V., EMIS",Comercio y Retail,2023,6623213.17,0.0,4782.5,0.0,-4593264.55,-45932.6455,0.0
"Total Parts And Components S.A. De C.V., EMIS",Automotriz y Transporte,2019,0.0,0.0,0.0,0.0,0.0,0.0,0.0
"Total Parts And Components S.A. De C.V., EMIS",Automotriz y Transporte,2020,0.0,0.0,0.0,0.0,0.0,0.0,0.0
"Total Parts And Components S.A. De C.V., EMIS",Automotriz y Transporte,2021,0.0,0.0,0.0,0.0,0.0,0.0,0.0
"Total Parts And Components S.A. De C.V., EMIS",Automotriz y Transporte,2022,0.0,0.0,0.0,0.0,0.0,0.0,0.0
"Total Parts And Components S.A. De C.V., EMIS",Automotriz y Transporte,2023,0.0,0.0,0.0,0.0,0.0,0.0,0.0
"Vinos América S.A. DE C.V., EMIS",Alimentos y Bebidas,2019,1158425.8,0.0,5292.91,0.0,-1039413.01,-10394.1301,0.0
"Vinos América S.A. DE C.V., EMIS",Alimentos y Bebidas,2020,1317928.9,0.0,3485.08,0.0,-1156077.98,-11560.7798,0.0
"Vinos América S.A. DE C.V., EMIS",Alimentos y Bebidas,2021,1217177.77,0.0,13184.05,0.0,-1016866.58,-10168.6658,0.0
"Vinos América S.A. DE C.V., EMIS",Alimentos y Bebidas,2022,2308480.99,0.0,31101.57,0.0,-1926945.73,-19269.457300000002,0.0
"Vinos América S.A. DE C.V., EMIS",Alimentos y Bebidas,2023,2160888.91,0.0,16685.41,0.0,-1782617.48,-17826.1748,0.0
"Vitasanitas S.A. DE C.V., EMIS",Otros,2019,0.0,0.0,0.0,0.0,0.0,0.0,0.0
"Vitasanitas S.A. DE C.V., EMIS",Otros,2020,0.0,0.0,0.0,0.0,0.0,0.0,0.0
"Vitasanitas S.A. DE C.V., EMIS",Otros,2021,1816933.83,0.0,28294.73,0.0,-1282163.98,-12821.6398,0.0
"Vitasanitas S.A. DE C.V., EMIS",Otros,2022,2404323.55,0.0,85762.41,0.0,-1783517.09,-17835.1709,0.0
"Vitasanitas S.A. DE C.V., EMIS",Otros,2023,0.0,0.0,0.0,0.0,0.0,0.0,0.0
"Xignux Corporativo S.A. de C.V., EMIS",Energía y Combustibles,2019,2608425.7,109670.81,143368.66,-419038.92,-2034155.3,-20341.553,-4190.3892
"Xignux Corporativo S.A. de C.V., EMIS",Energía y Combustibles,2020,3078799.69,188991.75,143086.09,-541413.07,-2273586.92,-22735.8692,-5414.1307
"Xignux Corporativo S.A. de C.V., EMIS",Energía y Combustibles,2021,4180480.05,0.0,352178.51,-758967.66,-2997386.73,-29973.8673,-7589.676600000001
"Xignux Corporativo S.A. de C.V., EMIS",Energía y Combustibles,2022,5295651.34,0.0,460497.65,-810729.18,-3830129.63,-38301.2963,-8107.291800000001
"Xignux Corporativo S.A. de C.V., EMIS",Energía y Combustibles,2023,5841729.0,0.0,329795.0,-1346167.0,-3746023.0,-37460.23,-13461.67
"Yura Corporation Mexico, S. De R.L. De C.V., EMIS",Energía y Combustibles,2019,0.0,0.0,0.0,0.0,0.0,0.0,0.0
"Yura Corporation Mexico, S. De R.L. De C.V., EMIS",Energía y Combustibles,2020,0.0,0.0,0.0,0.0,0.0,0.0,0.0
"Yura Corporation Mexico, S. De R.L. De C.V., EMIS",Energía y Combustibles,2021,0.0,0.0,0.0,0.0,0.0,0.0,0.0
"Yura Corporation Mexico, S. De R.L. De C.V., EMIS",Energía y Combustibles,2022,0.0,0.0,0.0,0.0,0.0,0.0,0.0
"Yura Corporation Mexico, S. De R.L. De C.V., EMIS",Energía y Combustibles,2023,0.0,0.0,0.0,0.0,0.0,0.0,0.0
"Zaragoza Motriz S.A. De C.V., EMIS",Automotriz y Transporte,2019,0.0,0.0,0.0,0.0,0.0,0.0,0.0
"Zaragoza Motriz S.A. De C.V., EMIS",Automotriz y Transporte,2020,0.0,0.0,0.0,0.0,0.0,0.0,0.0
"Zaragoza Motriz S.A. De C.V., EMIS",Automotriz y Transporte,2021,0.0,0.0,0.0,0.0,0.0,0.0,0.0
"Zaragoza Motriz S.A. De C.V., EMIS",Automotriz y Transporte,2022,0.0,0.0,0.0,0.0,0.0,0.0,0.0
"Zaragoza Motriz S.A. De C.V., EMIS",Automotriz y Transporte,2023,0.0,0.0,0.0,0.0,0.0,0.0,0.0
